Item,Reference,Qty,Manufacturer,Manufacturer Part Number,Description,Package or footprint,Use,Status
Sensor/controller PCB,PCB1,1,TBD,GarageBeamSafety-D3,Two-layer FR-4 carrier/controller 50x240mm,Custom,Controller and three 100mm beam datums,DRAFT
Passive reflector carrier,PCB2,1,TBD,GarageBeamSafety-Reflector-D3,Passive FR-4 carrier 30x240mm no copper,Custom,Three reflector datums at 100mm pitch,DRAFT
MCU module,A1,1,DOIT-compatible,ESP32 DevKit V1 ESP-WROOM-32 30 pin,Common ESP32 development board,Two 15-way 2.54mm socket headers,Local controller,PRIMARY LOW-COST OPTION - BUY FROM LINK IN ESP32_BUYING_OPTIONS.csv AND VERIFY DIMENSIONS
USB-C receptacle,J1,1,GCT,USB4105-GF-A,USB 2.0 Type-C power-only receptacle,USB4105 hand-solder tabs,5V input,PROPOSED
USB-C CC resistors,R1 R2,2,Yageo,RC0805FR-075K1L,5.1k 1% resistor,0805,USB-C Rd pull-downs,PROPOSED
Input polyfuse,F1,1,Bourns,MF-MSMF150-2,1.5A hold resettable fuse,1812,USB VBUS protection,PROPOSED
VBUS TVS,D1,1,Littelfuse,SMAJ5.0A,5V unidirectional TVS,SMA,USB VBUS transient clamp,PROPOSED
Reverse-current MOSFET,Q1,1,Diodes Inc,DMP2035U,20V P-channel MOSFET,SOT-23,VBUS reverse-current protection,PROPOSED
5V bulk capacitor,C1,1,Panasonic,EEE-FK1A471P,470uF 10V low-ESR electrolytic,SMD 10x10.2mm,USB and ESP32 transient support,PROPOSED
5V ceramic decoupling,C2 C3,2,Murata,GRM21BR71A106KE51L,10uF 10V X7R,0805,Boost and logic decoupling,PROPOSED
12V boost module,A2,1,Pololu,U3V16F12,5V input to regulated 12V boost module,Pololu 3-pin module,Sensor supply for 45mA maximum sensor load,PROPOSED
12V bulk capacitor,C4,1,Panasonic,EEE-FK1E101P,100uF 25V electrolytic,SMD 8x10.2mm,Sensor rail,PROPOSED
Input optocoupler,U2 U3 U4,3,Lite-On,LTV-817S-TA1,Phototransistor optocoupler,SMD-4 gull-wing,Three sensor inputs,PROPOSED
Optocoupler input resistor,R3 R7 R11,3,Yageo,RC0805FR-072K2L,2.2k 1% 0.125W,0805,Optocoupler LED current,PROPOSED
Optocoupler reverse diode,D2 D3 D4,3,Nexperia,1N4148W,Small-signal diode,SOD-123,Optocoupler reverse protection,PROPOSED
GPIO pull-up,R4 R8 R12,3,Yageo,RC0805FR-0710KL,10k 1%,0805,Defined unsafe default,PROPOSED
GPIO series resistor,R5 R9 R13,3,Yageo,RC0805FR-071KL,1k 1%,0805,GPIO protection and filter,PROPOSED
Input filter capacitor,C5 C6 C7,3,Murata,GRM21BR71H104KA01L,100nF 50V X7R,0805,Input filtering,PROPOSED
Sensor terminal,J2 J3 J4,3,Phoenix Contact,1729131,MKDS 1/3-5.08 3-way terminal,5.08mm THT,12V 0V SIG sensor leads,PROPOSED
Status connector,J5,1,Phoenix Contact,1729144,MKDS 1/4-5.08 4-way terminal,5.08mm THT,External green red amber common return,PROPOSED
LED resistors,R14 R15 R16,3,Yageo,RC0805FR-07330RL,330 ohm 1%,0805,External status LEDs,PROPOSED
Buzzer driver,Q2,1,Diodes Inc,MMBT2222A,NPN transistor,SOT-23,Buzzer low-side driver,PROPOSED
Buzzer base resistor,R17,1,Yageo,RC0805FR-071KL,1k 1%,0805,Buzzer base current,PROPOSED
Buzzer flyback diode,D5,1,Nexperia,1N4148W,Small-signal diode,SOD-123,Inductive clamp,PROPOSED
Buzzer,BZ1,1,CUI Devices,CPT-9019S-SMT-TR,3V magnetic transducer,SMT 9x9mm,Short alert,PROPOSED
Test button,SW1,1,Omron,B3FS-1000P,Top-actuated tactile switch,SMD 6x6mm,Alignment and test,PROPOSED
Test points,TP1 TP2 TP3 TP4 TP5,5,Keystone,5015,Miniature loop test point,THT,VBUS 5V 12V 3V3 GND,PROPOSED
Mounting holes,H1 H2 H3 H4,4,TBD,M3,3.2mm non-plated mounting hole,NPTH,Controller carrier mounting,PROPOSED
Industrial sensors,S1 S2 S3,3,Panasonic,EX-L291,Polarized retroreflective NPN Light-ON sensor,Panel clamp and flying lead,Three optical beams,VALIDATE BEFORE BUYING THREE
Reflectors,RF1 RF2 RF3,3,Panasonic,RF-330 or sensor-matched,Corner-cube reflector,Carrier-mounted,Passive opposite-wall targets,VALIDATE MATCH
USB charger,PS1,1,Certified supplier,TBD,Regulated USB 5V charger at least 2A,External approved product,Power source,USER SELECTED
